first_name,last_name,country
Aarav,Khan,Pakistan
Muhammad,Hussain,France
Ali,Raza,Saudi Arabia
Fatima,Butt,India
Aisha,Brown,Spain
Zara,Davis,Egypt
Omar,Thomas,United States
Sara,Martinez,Italy
Hassan,Gonzalez,Turkey
Mariam,Sanchez,United Kingdom
John,Wang,China
Emma,Chen,Brazil
Liam,Tanaka,Canada
Olivia,Kobayashi,Japan
Noah,Youssef,Mexico
Sophia,Mansour,Australia
James,Kareem,South Korea
Isabella,Ahmed,Netherlands
Lucas,Ali,Germany
Mia,Iqbal,United Arab Emirates
Carlos,Smith,Pakistan
Sofia,Taylor,France
Diego,Miller,Saudi Arabia
Lucia,Moore,India
Mateo,Rodriguez,Spain
Valentina,Hernandez,Egypt
Juan,Ramirez,United States
Camila,Li,Italy
Miguel,Liu,Turkey
Elena,Sato,United Kingdom
Wei,Hassan,China
Li,Fahmy,Brazil
Chen,Saleh,Canada
Mei,Othman,Japan
Jun,Malik,Mexico
Yuna,Sheikh,Australia
Hiro,Qureshi,South Korea
Akira,Johnson,Netherlands
Kenji,Wilson,Germany
Sakura,Anderson,United Arab Emirates
Ahmed,Garcia,Pakistan
Youssef,Lopez,France
Nour,Perez,Saudi Arabia
Layla,Torres,India
Amir,Zhang,Spain
Rania,Yang,Egypt
Ibrahim,Suzuki,United States
Salma,Mohamed,Italy
Khalid,Nasser,Turkey
Huda,Farouk,United Kingdom
Aarav,Khan,China
Muhammad,Hussain,Brazil
Ali,Raza,Canada
Fatima,Butt,Japan
Aisha,Brown,Mexico
Zara,Davis,Australia
Omar,Thomas,South Korea
Sara,Martinez,Netherlands
Hassan,Gonzalez,Germany
Mariam,Sanchez,United Arab Emirates
John,Wang,Pakistan
Emma,Chen,France
Liam,Tanaka,Saudi Arabia
Olivia,Kobayashi,India
Noah,Youssef,Spain
Sophia,Mansour,Egypt
James,Kareem,United States
Isabella,Ahmed,Italy
Lucas,Ali,Turkey
Mia,Iqbal,United Kingdom
Carlos,Smith,China
Sofia,Taylor,Brazil
Diego,Miller,Canada
Lucia,Moore,Japan
Mateo,Rodriguez,Mexico
Valentina,Hernandez,Australia
Juan,Ramirez,South Korea
Camila,Li,Netherlands
Miguel,Liu,Germany
Elena,Sato,United Arab Emirates
Wei,Hassan,Pakistan
Li,Fahmy,France
Chen,Saleh,Saudi Arabia
Mei,Othman,India
Jun,Malik,Spain
Yuna,Sheikh,Egypt
Hiro,Qureshi,United States
Akira,Johnson,Italy
Kenji,Wilson,Turkey
Sakura,Anderson,United Kingdom
Ahmed,Garcia,China
Youssef,Lopez,Brazil
Nour,Perez,Canada
Layla,Torres,Japan
Amir,Zhang,Mexico
Rania,Yang,Australia
Ibrahim,Suzuki,South Korea
Salma,Mohamed,Netherlands
Khalid,Nasser,Germany
Huda,Farouk,United Arab Emirates
Carlos,Anderson,Switzerland
Sofia,Rodriguez,Canada
Diego,Sanchez,Egypt
Lucia,Zhang,Ireland
Mateo,Sato,France
Valentina,Youssef,Mexico
Juan,Farouk,Singapore
Camila,Singh,China
Miguel,Joshi,Norway
Elena,Romano,United States
Wei,Martin,United Arab Emirates
Li,Malik,Belgium
Chen,Iqbal,Australia
Mei,Brown,Turkey
Jun,Anderson,New Zealand
Yuna,Rodriguez,Spain
Hiro,Sanchez,Netherlands
Akira,Zhang,Pakistan
Kenji,Sato,Japan
Sakura,Youssef,Denmark
Ahmed,Farouk,United Kingdom
Youssef,Singh,Saudi Arabia
Nour,Joshi,Portugal
Layla,Romano,Germany
Amir,Martin,Brazil
Rania,Malik,Malaysia
Ibrahim,Iqbal,Italy
Salma,Brown,Sweden
Khalid,Anderson,India
Huda,Rodriguez,South Korea
Daniel,Sanchez,Switzerland
Emily,Zhang,Canada
Benjamin,Sato,Egypt
Charlotte,Youssef,Ireland
Henry,Farouk,France
Amelia,Singh,Mexico
Ethan,Joshi,Singapore
Harper,Romano,China
Mason,Martin,Norway
Evelyn,Malik,United States
Rohan,Iqbal,United Arab Emirates
Anaya,Brown,Belgium
Kabir,Anderson,Australia
Priya,Rodriguez,Turkey
Arjun,Sanchez,New Zealand
Neha,Zhang,Spain
Vikram,Sato,Netherlands
Isha,Youssef,Pakistan
Rahul,Farouk,Japan
Pooja,Singh,Denmark
Luca,Joshi,United Kingdom
Giulia,Romano,Saudi Arabia
Marco,Martin,Portugal
Chiara,Malik,Germany
Antonio,Iqbal,Brazil
Francesca,Brown,Malaysia
Nicolas,Anderson,Italy
Claire,Rodriguez,Sweden
Louis,Sanchez,India
Marie,Zhang,South Korea
Aarav,Sato,Switzerland
Muhammad,Youssef,Canada
Ali,Farouk,Egypt
Fatima,Singh,Ireland
Aisha,Joshi,France
Zara,Romano,Mexico
Omar,Martin,Singapore
Sara,Malik,China
Hassan,Iqbal,Norway
Mariam,Brown,United States
John,Anderson,United Arab Emirates
Emma,Rodriguez,Belgium
Liam,Sanchez,Australia
Olivia,Zhang,Turkey
Noah,Sato,New Zealand
Sophia,Youssef,Spain
James,Farouk,Netherlands
Isabella,Singh,Pakistan
Lucas,Joshi,Japan
Mia,Romano,Denmark
Carlos,Martin,United Kingdom
Sofia,Malik,Saudi Arabia
Diego,Iqbal,Portugal
Lucia,Brown,Germany
Mateo,Anderson,Brazil
Valentina,Rodriguez,Malaysia
Juan,Sanchez,Italy
Camila,Zhang,Sweden
Miguel,Sato,India
Elena,Youssef,South Korea
Wei,Farouk,Switzerland
Li,Singh,Canada
Chen,Joshi,Egypt
Mei,Romano,Ireland
Jun,Martin,France
Yuna,Malik,Mexico
Hiro,Iqbal,Singapore
Akira,Brown,China
Kenji,Anderson,Norway
Sakura,Rodriguez,United States
Ahmed,Sanchez,United Arab Emirates
Youssef,Zhang,Belgium
Nour,Sato,Australia
Layla,Youssef,Turkey
Amir,Farouk,New Zealand
Rania,Singh,Spain
Ibrahim,Joshi,Netherlands
Salma,Romano,Pakistan
Khalid,Martin,Japan
Huda,Malik,Denmark
Daniel,Iqbal,United Kingdom
Emily,Brown,Saudi Arabia
Benjamin,Anderson,Portugal
Charlotte,Rodriguez,Germany
Henry,Sanchez,Brazil
Amelia,Zhang,Malaysia
Ethan,Sato,Italy
Harper,Youssef,Sweden
Mason,Farouk,India
Evelyn,Singh,South Korea
Rohan,Joshi,Switzerland
Anaya,Romano,Canada
Kabir,Martin,Egypt
Priya,Malik,Ireland
Arjun,Iqbal,France
Neha,Brown,Mexico
Vikram,Anderson,Singapore
Isha,Rodriguez,China
Rahul,Sanchez,Norway
Pooja,Zhang,United States
Luca,Sato,United Arab Emirates
Giulia,Youssef,Belgium
Marco,Farouk,Australia
Chiara,Singh,Turkey
Antonio,Joshi,New Zealand
Francesca,Romano,Spain
Nicolas,Martin,Netherlands
Claire,Malik,Pakistan
Louis,Iqbal,Japan
Marie,Brown,Denmark
Aarav,Anderson,United Kingdom
Muhammad,Rodriguez,Saudi Arabia
Ali,Sanchez,Portugal
Fatima,Zhang,Germany
Aisha,Sato,Brazil
Zara,Youssef,Malaysia
Omar,Farouk,Italy
Sara,Singh,Sweden
Hassan,Joshi,India
Mariam,Romano,South Korea
John,Martin,Switzerland
Emma,Malik,Canada
Liam,Iqbal,Egypt
Olivia,Brown,Ireland
Noah,Anderson,France
Sophia,Rodriguez,Mexico
James,Sanchez,Singapore
Isabella,Zhang,China
Lucas,Sato,Norway
Mia,Youssef,United States
Carlos,Farouk,United Arab Emirates
Sofia,Singh,Belgium
Diego,Joshi,Australia
Lucia,Romano,Turkey
Mateo,Martin,New Zealand
Valentina,Malik,Spain
Juan,Iqbal,Netherlands
Camila,Brown,Pakistan
Miguel,Anderson,Japan
Elena,Rodriguez,Denmark
Wei,Sanchez,United Kingdom
Li,Zhang,Saudi Arabia
Chen,Sato,Portugal
Mei,Youssef,Germany
Jun,Farouk,Brazil
Yuna,Singh,Malaysia
Hiro,Joshi,Italy
Akira,Romano,Sweden
Kenji,Martin,India
Sakura,Malik,South Korea
Ahmed,Iqbal,Switzerland
Youssef,Brown,Canada
Nour,Anderson,Egypt
Layla,Rodriguez,Ireland
Amir,Sanchez,France
Rania,Zhang,Mexico
Ibrahim,Sato,Singapore
Salma,Youssef,China
Khalid,Farouk,Norway
Huda,Singh,United States
Daniel,Joshi,United Arab Emirates
Emily,Romano,Belgium
Benjamin,Martin,Australia
Charlotte,Malik,Turkey
Henry,Iqbal,New Zealand
Amelia,Brown,Spain
Ethan,Anderson,Netherlands
Harper,Rodriguez,Pakistan
Mason,Sanchez,Japan
Evelyn,Zhang,Denmark
Rohan,Sato,United Kingdom
Anaya,Youssef,Saudi Arabia
Kabir,Farouk,Portugal
Priya,Singh,Germany
Arjun,Joshi,Brazil
Neha,Romano,Malaysia
Vikram,Martin,Italy
Isha,Malik,Sweden
Rahul,Iqbal,India
Pooja,Brown,South Korea
Luca,Anderson,Switzerland
Giulia,Rodriguez,Canada
Marco,Sanchez,Egypt
Chiara,Zhang,Ireland
Antonio,Sato,France
Francesca,Youssef,Mexico
Nicolas,Farouk,Singapore
Claire,Singh,China
Louis,Joshi,Norway
Marie,Romano,United States
Aarav,Martin,United Arab Emirates
Muhammad,Malik,Belgium
Ali,Iqbal,Australia
Fatima,Brown,Turkey
Aisha,Anderson,New Zealand
Zara,Rodriguez,Spain
Omar,Sanchez,Netherlands
Sara,Zhang,Pakistan
Hassan,Sato,Japan
Mariam,Youssef,Denmark
John,Farouk,United Kingdom
Emma,Singh,Saudi Arabia
Liam,Joshi,Portugal
Olivia,Romano,Germany
Noah,Martin,Brazil
Sophia,Malik,Malaysia
James,Iqbal,Italy
Isabella,Brown,Sweden
Lucas,Anderson,India
Mia,Rodriguez,South Korea
Carlos,Sanchez,Switzerland
Sofia,Zhang,Canada
Diego,Sato,Egypt
Lucia,Youssef,Ireland
Mateo,Farouk,France
Valentina,Singh,Mexico
Juan,Joshi,Singapore
Camila,Romano,China
Miguel,Martin,Norway
Elena,Malik,United States
Wei,Iqbal,United Arab Emirates
Li,Brown,Belgium
Chen,Anderson,Australia
Mei,Rodriguez,Turkey
Jun,Sanchez,New Zealand
Yuna,Zhang,Spain
Hiro,Sato,Netherlands
Akira,Youssef,Pakistan
Kenji,Farouk,Japan
Sakura,Singh,Denmark
Ahmed,Joshi,United Kingdom
Youssef,Romano,Saudi Arabia
Nour,Martin,Portugal
Layla,Malik,Germany
Amir,Iqbal,Brazil
Rania,Brown,Malaysia
Ibrahim,Anderson,Italy
Salma,Rodriguez,Sweden
Khalid,Sanchez,India
Huda,Zhang,South Korea
Daniel,Sato,Switzerland
Emily,Youssef,Canada
Benjamin,Farouk,Egypt
Charlotte,Singh,Ireland
Henry,Joshi,France
Amelia,Romano,Mexico
Ethan,Martin,Singapore
Harper,Malik,China
Mason,Iqbal,Norway
Evelyn,Brown,United States
Rohan,Anderson,United Arab Emirates
Anaya,Rodriguez,Belgium
Kabir,Sanchez,Australia
Priya,Zhang,Turkey
Arjun,Sato,New Zealand
Neha,Youssef,Spain
Vikram,Farouk,Netherlands
Isha,Singh,Pakistan
Rahul,Joshi,Japan
Pooja,Romano,Denmark
Luca,Martin,United Kingdom
Giulia,Malik,Saudi Arabia
Marco,Iqbal,Portugal
Chiara,Brown,Germany
Antonio,Anderson,Brazil
Francesca,Rodriguez,Malaysia
Nicolas,Sanchez,Italy
Claire,Zhang,Sweden
Louis,Sato,India
Marie,Youssef,South Korea
Aarav,Farouk,Switzerland
Muhammad,Singh,Canada
Ali,Joshi,Egypt
Fatima,Romano,Ireland
Aisha,Martin,France
Zara,Malik,Mexico
Omar,Iqbal,Singapore
Sara,Brown,China
Hassan,Anderson,Norway
Mariam,Rodriguez,United States
John,Sanchez,United Arab Emirates
Emma,Zhang,Belgium
Liam,Sato,Australia
Olivia,Youssef,Turkey
Noah,Farouk,New Zealand
Sophia,Singh,Spain
James,Joshi,Netherlands
Isabella,Romano,Pakistan
Lucas,Martin,Japan
Mia,Malik,Denmark
Carlos,Iqbal,United Kingdom
Sofia,Brown,Saudi Arabia
Diego,Anderson,Portugal
Lucia,Rodriguez,Germany
Mateo,Sanchez,Brazil
Valentina,Zhang,Malaysia
Juan,Sato,Italy
Camila,Youssef,Sweden
Miguel,Farouk,India
Elena,Singh,South Korea
Wei,Joshi,Switzerland
Li,Romano,Canada
Chen,Martin,Egypt
Mei,Malik,Ireland
Jun,Iqbal,France
Yuna,Brown,Mexico
Hiro,Anderson,Singapore
Akira,Rodriguez,China
Kenji,Sanchez,Norway
Sakura,Zhang,United States
Ahmed,Sato,United Arab Emirates
Youssef,Youssef,Belgium
Nour,Farouk,Australia
Layla,Singh,Turkey
Amir,Joshi,New Zealand
Rania,Romano,Spain
Ibrahim,Martin,Netherlands
Salma,Malik,Pakistan
Khalid,Iqbal,Japan
Huda,Brown,Denmark
Daniel,Anderson,United Kingdom
Emily,Rodriguez,Saudi Arabia
Benjamin,Sanchez,Portugal
Charlotte,Zhang,Germany
Henry,Sato,Brazil
Amelia,Youssef,Malaysia
Ethan,Farouk,Italy
Harper,Singh,Sweden
Mason,Joshi,India
Evelyn,Romano,South Korea
Rohan,Martin,Switzerland
Anaya,Malik,Canada
Kabir,Iqbal,Egypt
Priya,Brown,Ireland
Arjun,Anderson,France
Neha,Rodriguez,Mexico
Vikram,Sanchez,Singapore
Isha,Zhang,China
Rahul,Sato,Norway
Pooja,Youssef,United States
Luca,Farouk,United Arab Emirates
Giulia,Singh,Belgium
Marco,Joshi,Australia
Chiara,Romano,Turkey
Antonio,Martin,New Zealand
Francesca,Malik,Spain
Nicolas,Iqbal,Netherlands
Claire,Brown,Pakistan
Louis,Anderson,Japan
Marie,Rodriguez,Denmark
Aarav,Sanchez,United Kingdom
Muhammad,Zhang,Saudi Arabia
Ali,Sato,Portugal
Fatima,Youssef,Germany
Aisha,Farouk,Brazil
Zara,Singh,Malaysia
Omar,Joshi,Italy
Sara,Romano,Sweden
Hassan,Martin,India
Mariam,Malik,South Korea
John,Iqbal,Switzerland
Emma,Brown,Canada
Liam,Anderson,Egypt
Olivia,Rodriguez,Ireland
Noah,Sanchez,France
Sophia,Zhang,Mexico
James,Sato,Singapore
Isabella,Youssef,China
Lucas,Farouk,Norway
Mia,Singh,United States
Carlos,Joshi,United Arab Emirates
Sofia,Romano,Belgium
Diego,Martin,Australia
Lucia,Malik,Turkey
Mateo,Iqbal,New Zealand
Valentina,Brown,Spain
Juan,Anderson,Netherlands
Camila,Rodriguez,Pakistan
Miguel,Sanchez,Japan
Elena,Zhang,Denmark
Wei,Sato,United Kingdom
Li,Youssef,Saudi Arabia
Chen,Farouk,Portugal
Mei,Singh,Germany
Jun,Joshi,Brazil
Yuna,Romano,Malaysia
Hiro,Martin,Italy
Akira,Malik,Sweden
Kenji,Iqbal,India
Sakura,Brown,South Korea
Ahmed,Anderson,Switzerland
Youssef,Rodriguez,Canada
Nour,Sanchez,Egypt
Layla,Zhang,Ireland
Amir,Sato,France
Rania,Youssef,Mexico
Ibrahim,Farouk,Singapore
Salma,Singh,China
Khalid,Joshi,Norway
Huda,Romano,United States
Daniel,Martin,United Arab Emirates
Emily,Malik,Belgium
Benjamin,Iqbal,Australia
Charlotte,Brown,Turkey
Henry,Anderson,New Zealand
Amelia,Rodriguez,Spain
Ethan,Sanchez,Netherlands
Harper,Zhang,Pakistan
Mason,Sato,Japan
Evelyn,Youssef,Denmark
Rohan,Farouk,United Kingdom
Anaya,Singh,Saudi Arabia
Kabir,Joshi,Portugal
Priya,Romano,Germany
Arjun,Martin,Brazil
Neha,Malik,Malaysia
Vikram,Iqbal,Italy
Isha,Brown,Sweden
Rahul,Anderson,India
Pooja,Rodriguez,South Korea
Luca,Sanchez,Switzerland
Giulia,Zhang,Canada
Marco,Sato,Egypt
Chiara,Youssef,Ireland
Antonio,Farouk,France
Francesca,Singh,Mexico
Nicolas,Joshi,Singapore
Claire,Romano,China
Louis,Martin,Norway
Marie,Malik,United States
Aarav,Iqbal,United Arab Emirates
Muhammad,Brown,Belgium
Ali,Anderson,Australia
Fatima,Rodriguez,Turkey
Aisha,Sanchez,New Zealand
Zara,Zhang,Spain
Omar,Sato,Netherlands
Sara,Youssef,Pakistan
Hassan,Farouk,Japan
Mariam,Singh,Denmark
John,Joshi,United Kingdom
Emma,Romano,Saudi Arabia
Liam,Martin,Portugal
Olivia,Malik,Germany
Noah,Iqbal,Brazil
Sophia,Brown,Malaysia
James,Anderson,Italy
Isabella,Rodriguez,Sweden
Lucas,Sanchez,India
Mia,Zhang,South Korea
Carlos,Sato,Switzerland
Sofia,Youssef,Canada
Diego,Farouk,Egypt
Lucia,Singh,Ireland
Mateo,Joshi,France
Valentina,Romano,Mexico
Juan,Martin,Singapore
Camila,Malik,China
Miguel,Iqbal,Norway
Elena,Brown,United States
Wei,Anderson,United Arab Emirates
Li,Rodriguez,Belgium
Chen,Sanchez,Australia
Mei,Zhang,Turkey
Jun,Sato,New Zealand
Yuna,Youssef,Spain
Hiro,Farouk,Netherlands
Akira,Singh,Pakistan
Kenji,Joshi,Japan
Sakura,Romano,Denmark
Olivia,Othman,Australia
Carlos,Rossi,Denmark
Camila,Carter,Austria
Jun,Mirza,Turkey
Youssef,Hussain,South Africa
Khalid,Wilson,China
Amelia,Hernandez,New Zealand
Kabir,Tanaka,Canada
Pooja,Farouk,Norway
Nicolas,Chopra,Poland
Grace,Petit,Egypt
Mustafa,Ansari,Philippines
Maha,Ahmed,Italy
Aisha,Brown,Ireland
Emma,Lopez,United Kingdom
Lucas,Liu,Sweden
Valentina,Mansour,Chile
Chen,Kapoor,Saudi Arabia
Sakura,Martin,Thailand
Ibrahim,Collins,Spain
Charlotte,Latif,Portugal
Rohan,Smith,United States
Isha,Martinez,Netherlands
Antonio,Zhang,Argentina
Ella,Fahmy,United Arab Emirates
Leo,Mehta,Indonesia
Kiran,Ferrari,France
Ali,Evans,Belgium
Mariam,Nawaz,India
James,Qureshi,Mexico
Lucia,Moore,Kenya
Wei,Wang,South Korea
Akira,Mohamed,Singapore
Amir,Singh,Germany
Emily,Ricci,Switzerland
Mason,Turner,Pakistan
Neha,Gill,Brazil
Marco,Raza,Nigeria
Marie,Anderson,Japan
David,Ramirez,Malaysia
Hina,Kobayashi,Australia
Aarav,Patel,Denmark
Sara,Bianchi,Austria
Noah,Mitchell,Turkey
Sofia,Abbasi,South Africa
Miguel,Ali,China
Yuna,Davis,New Zealand
Nour,Perez,Canada
Huda,Sato,Norway
Ethan,Kareem,Poland
Priya,Nair,Egypt
Luca,Campbell,Philippines
Claire,Siddiqui,Italy
Samuel,Malik,Ireland
Sana,Taylor,United Kingdom
Fahad,Gonzalez,Sweden
Zara,Yang,Chile
Liam,Saleh,Saudi Arabia
Mia,Joshi,Thailand
Juan,Bernard,Spain
Mei,Stewart,Portugal
Ahmed,Khan,United States
Salma,Johnson,Netherlands
Henry,Rodriguez,Argentina
Anaya,Chen,United Arab Emirates
Rahul,Nasser,Indonesia
Francesca,Verma,France
Oliver,Dubois,Belgium
Lily,Edwards,India
Hamza,Javed,Mexico
Fatima,Butt,Kenya
John,Garcia,South Korea
Isabella,Li,Singapore
Mateo,Youssef,Germany
Li,Gupta,Switzerland
Kenji,Moretti,Pakistan
Rania,Phillips,Brazil
Benjamin,Akhtar,Nigeria
Evelyn,Iqbal,Japan
Vikram,Thomas,Malaysia
Chiara,Torres,Australia
Adam,Hassan,Denmark
Nora,Sharma,Austria
Usman,Romano,Turkey
Muhammad,Roberts,South Africa
Hassan,Chaudhry,China
Sophia,Sheikh,New Zealand
Diego,Miller,Canada
Elena,Sanchez,Norway
Hiro,Suzuki,Poland
Layla,Othman,Egypt
Daniel,Rossi,Philippines
Harper,Carter,Italy
Arjun,Mirza,Ireland
Giulia,Hussain,United Kingdom
Louis,Wilson,Sweden
Chloe,Hernandez,Chile
Bilal,Tanaka,Saudi Arabia
Noor,Farouk,Thailand
Omar,Chopra,Spain
Olivia,Petit,Portugal
Carlos,Ansari,United States
Camila,Ahmed,Netherlands
Jun,Brown,Argentina
Youssef,Lopez,United Arab Emirates
Khalid,Liu,Indonesia
Amelia,Mansour,France
Kabir,Kapoor,Belgium
Pooja,Martin,India
Nicolas,Collins,Mexico
Grace,Latif,Kenya
Mustafa,Smith,South Korea
Maha,Martinez,Singapore
Aisha,Zhang,Germany
Emma,Fahmy,Switzerland
Lucas,Mehta,Pakistan
Valentina,Ferrari,Brazil
Chen,Evans,Nigeria
Sakura,Nawaz,Japan
Ibrahim,Qureshi,Malaysia
Charlotte,Moore,Australia
Rohan,Wang,Denmark
Isha,Mohamed,Austria
Antonio,Singh,Turkey
Ella,Ricci,South Africa
Leo,Turner,China
Kiran,Gill,New Zealand
Ali,Raza,Canada
Mariam,Anderson,Norway
James,Ramirez,Poland
Lucia,Kobayashi,Egypt
Wei,Patel,Philippines
Akira,Bianchi,Italy
Amir,Mitchell,Ireland
Emily,Abbasi,United Kingdom
Mason,Ali,Sweden
Neha,Davis,Chile
Marco,Perez,Saudi Arabia
Marie,Sato,Thailand
David,Kareem,Spain
Hina,Nair,Portugal
Aarav,Campbell,United States
Sara,Siddiqui,Netherlands
Noah,Malik,Argentina
Sofia,Taylor,United Arab Emirates
Miguel,Gonzalez,Indonesia
Yuna,Yang,France
Nour,Saleh,Belgium
Huda,Joshi,India
Ethan,Bernard,Mexico
Priya,Stewart,Kenya
Luca,Khan,South Korea
Claire,Johnson,Singapore
Samuel,Rodriguez,Germany
Sana,Chen,Switzerland
Fahad,Nasser,Pakistan
Zara,Verma,Brazil
Liam,Dubois,Nigeria
Mia,Edwards,Japan
Juan,Javed,Malaysia
Mei,Butt,Australia
Ahmed,Garcia,Denmark
Salma,Li,Austria
Henry,Youssef,Turkey
Anaya,Gupta,South Africa
Rahul,Moretti,China
Francesca,Phillips,New Zealand
Oliver,Akhtar,Canada
Lily,Iqbal,Norway
Hamza,Thomas,Poland
Fatima,Torres,Egypt
John,Hassan,Philippines
Isabella,Sharma,Italy
Mateo,Romano,Ireland
Li,Roberts,United Kingdom
Kenji,Chaudhry,Sweden
Rania,Sheikh,Chile
Benjamin,Miller,Saudi Arabia
Evelyn,Sanchez,Thailand
Vikram,Suzuki,Spain
Chiara,Othman,Portugal
Adam,Rossi,United States
Nora,Carter,Netherlands
Usman,Mirza,Argentina
Muhammad,Hussain,United Arab Emirates
Hassan,Wilson,Indonesia
Sophia,Hernandez,France
Diego,Tanaka,Belgium
Elena,Farouk,India
Hiro,Chopra,Mexico
Layla,Petit,Kenya
Daniel,Ansari,South Korea
Harper,Ahmed,Singapore
Arjun,Brown,Germany
Giulia,Lopez,Switzerland
Louis,Liu,Pakistan
Chloe,Mansour,Brazil
Bilal,Kapoor,Nigeria
Noor,Martin,Japan
Omar,Collins,Malaysia
Olivia,Latif,Australia
Carlos,Smith,Denmark
Camila,Martinez,Austria
Jun,Zhang,Turkey
Youssef,Fahmy,South Africa
Khalid,Mehta,China
Amelia,Ferrari,New Zealand
Kabir,Evans,Canada
Pooja,Nawaz,Norway
Nicolas,Qureshi,Poland
Grace,Moore,Egypt
Mustafa,Wang,Philippines
Maha,Mohamed,Italy
Aisha,Singh,Ireland
Emma,Ricci,United Kingdom
Lucas,Turner,Sweden
Valentina,Gill,Chile
Chen,Raza,Saudi Arabia
Sakura,Anderson,Thailand
Ibrahim,Ramirez,Spain
Charlotte,Kobayashi,Portugal
Rohan,Patel,United States
Isha,Bianchi,Netherlands
Antonio,Mitchell,Argentina
Ella,Abbasi,United Arab Emirates
Leo,Ali,Indonesia
Kiran,Davis,France
Ali,Perez,Belgium
Mariam,Sato,India
James,Kareem,Mexico
Lucia,Nair,Kenya
Wei,Campbell,South Korea
Akira,Siddiqui,Singapore
Amir,Malik,Germany
Emily,Taylor,Switzerland
Mason,Gonzalez,Pakistan
Neha,Yang,Brazil
Marco,Saleh,Nigeria
Marie,Joshi,Japan
David,Bernard,Malaysia
Hina,Stewart,Australia
Aarav,Khan,Denmark
Sara,Johnson,Austria
Noah,Rodriguez,Turkey
Sofia,Chen,South Africa
Miguel,Nasser,China
Yuna,Verma,New Zealand
Nour,Dubois,Canada
Huda,Edwards,Norway
Ethan,Javed,Poland
Priya,Butt,Egypt
Luca,Garcia,Philippines
Claire,Li,Italy
Samuel,Youssef,Ireland
Sana,Gupta,United Kingdom
Fahad,Moretti,Sweden
Zara,Phillips,Chile
Liam,Akhtar,Saudi Arabia
Mia,Iqbal,Thailand
Juan,Thomas,Spain
Mei,Torres,Portugal
Ahmed,Hassan,United States
Salma,Sharma,Netherlands
Henry,Romano,Argentina
Anaya,Roberts,United Arab Emirates
Rahul,Chaudhry,Indonesia
Francesca,Sheikh,France
Oliver,Miller,Belgium
Lily,Sanchez,India
Hamza,Suzuki,Mexico
Fatima,Othman,Kenya
John,Rossi,South Korea
Isabella,Carter,Singapore
Mateo,Mirza,Germany
Li,Hussain,Switzerland
Kenji,Wilson,Pakistan
Rania,Hernandez,Brazil
Benjamin,Tanaka,Nigeria
Evelyn,Farouk,Japan
Vikram,Chopra,Malaysia
Chiara,Petit,Australia
Adam,Ansari,Denmark
Nora,Ahmed,Austria
Usman,Brown,Turkey
Muhammad,Lopez,South Africa
Hassan,Liu,China
Sophia,Mansour,New Zealand
Diego,Kapoor,Canada
Elena,Martin,Norway
Hiro,Collins,Poland
Layla,Latif,Egypt
Daniel,Smith,Philippines
Harper,Martinez,Italy
Arjun,Zhang,Ireland
Giulia,Fahmy,United Kingdom
Louis,Mehta,Sweden
Chloe,Ferrari,Chile
Bilal,Evans,Saudi Arabia
Noor,Nawaz,Thailand
Omar,Qureshi,Spain
Olivia,Moore,Portugal
Carlos,Wang,United States
Camila,Mohamed,Netherlands
Jun,Singh,Argentina
Youssef,Ricci,United Arab Emirates
Khalid,Turner,Indonesia
Amelia,Gill,France
Kabir,Raza,Belgium
Pooja,Anderson,India
Nicolas,Ramirez,Mexico
Grace,Kobayashi,Kenya
Mustafa,Patel,South Korea
Maha,Bianchi,Singapore
Aisha,Mitchell,Germany
Emma,Abbasi,Switzerland
Lucas,Ali,Pakistan
Valentina,Davis,Brazil
Chen,Perez,Nigeria
Sakura,Sato,Japan
Ibrahim,Kareem,Malaysia
Charlotte,Nair,Australia
Rohan,Campbell,Denmark
Isha,Siddiqui,Austria
Antonio,Malik,Turkey
Ella,Taylor,South Africa
Leo,Gonzalez,China
Kiran,Yang,New Zealand
Ali,Saleh,Canada
Mariam,Joshi,Norway
James,Bernard,Poland
Lucia,Stewart,Egypt
Wei,Khan,Philippines
Akira,Johnson,Italy
Amir,Rodriguez,Ireland
Emily,Chen,United Kingdom
Mason,Nasser,Sweden
Neha,Verma,Chile
Marco,Dubois,Saudi Arabia
Marie,Edwards,Thailand
David,Javed,Spain
Hina,Butt,Portugal
Aarav,Garcia,United States
Sara,Li,Netherlands
Noah,Youssef,Argentina
Sofia,Gupta,United Arab Emirates
Miguel,Moretti,Indonesia
Yuna,Phillips,France
Nour,Akhtar,Belgium
Huda,Iqbal,India
Ethan,Thomas,Mexico
Priya,Torres,Kenya
Luca,Hassan,South Korea
Claire,Sharma,Singapore
Samuel,Romano,Germany
Sana,Roberts,Switzerland
Fahad,Chaudhry,Pakistan
Zara,Sheikh,Brazil
Liam,Miller,Nigeria
Mia,Sanchez,Japan
Juan,Suzuki,Malaysia
Mei,Othman,Australia
Ahmed,Rossi,Denmark
Salma,Carter,Austria
Henry,Mirza,Turkey
Anaya,Hussain,South Africa
Rahul,Wilson,China
Francesca,Hernandez,New Zealand
Oliver,Tanaka,Canada
Lily,Farouk,Norway
Hamza,Chopra,Poland
Fatima,Petit,Egypt
John,Ansari,Philippines
Isabella,Ahmed,Italy
Mateo,Brown,Ireland
Li,Lopez,United Kingdom
Kenji,Liu,Sweden
Rania,Mansour,Chile
Benjamin,Kapoor,Saudi Arabia
Evelyn,Martin,Thailand
Vikram,Collins,Spain
Chiara,Latif,Portugal
Adam,Smith,United States
Nora,Martinez,Netherlands
Usman,Zhang,Argentina
Muhammad,Fahmy,United Arab Emirates
Hassan,Mehta,Indonesia
Sophia,Ferrari,France
Diego,Evans,Belgium
Elena,Nawaz,India
Hiro,Qureshi,Mexico
Layla,Moore,Kenya
Daniel,Wang,South Korea
Harper,Mohamed,Singapore
Arjun,Singh,Germany
Giulia,Ricci,Switzerland
Louis,Turner,Pakistan
Chloe,Gill,Brazil
Bilal,Raza,Nigeria
Noor,Anderson,Japan
Omar,Ramirez,Malaysia
Olivia,Kobayashi,Australia
Carlos,Patel,Denmark
Camila,Bianchi,Austria
Jun,Mitchell,Turkey
Youssef,Abbasi,South Africa
Khalid,Ali,China
Amelia,Davis,New Zealand
Kabir,Perez,Canada
Pooja,Sato,Norway
Nicolas,Kareem,Poland
Grace,Nair,Egypt
Mustafa,Campbell,Philippines
Maha,Siddiqui,Italy
Aisha,Malik,Ireland
Emma,Taylor,United Kingdom
Lucas,Gonzalez,Sweden
Valentina,Yang,Chile
Chen,Saleh,Saudi Arabia
Sakura,Joshi,Thailand
Ibrahim,Bernard,Spain
Charlotte,Stewart,Portugal
Rohan,Khan,United States
Isha,Johnson,Netherlands
Antonio,Rodriguez,Argentina
Ella,Chen,United Arab Emirates
Leo,Nasser,Indonesia
Kiran,Verma,France
Ali,Dubois,Belgium
Mariam,Edwards,India
James,Javed,Mexico
Lucia,Butt,Kenya
Wei,Garcia,South Korea
Akira,Li,Singapore
Amir,Youssef,Germany
Emily,Gupta,Switzerland
Mason,Moretti,Pakistan
Neha,Phillips,Brazil
Marco,Akhtar,Nigeria
Marie,Iqbal,Japan
David,Thomas,Malaysia
Hina,Torres,Australia
Aarav,Hassan,Denmark
Sara,Sharma,Austria
Noah,Romano,Turkey
Sofia,Roberts,South Africa
Miguel,Chaudhry,China
Yuna,Sheikh,New Zealand
Nour,Miller,Canada
Huda,Sanchez,Norway
Ethan,Suzuki,Poland
Priya,Othman,Egypt
Luca,Rossi,Philippines
Claire,Carter,Italy
Samuel,Mirza,Ireland
Sana,Hussain,United Kingdom
Fahad,Wilson,Sweden
Zara,Hernandez,Chile
Liam,Tanaka,Saudi Arabia
Mia,Farouk,Thailand
Juan,Chopra,Spain
Mei,Petit,Portugal
Ahmed,Ansari,United States
Salma,Ahmed,Netherlands
Henry,Brown,Argentina
Anaya,Lopez,United Arab Emirates
Rahul,Liu,Indonesia
Francesca,Mansour,France
Oliver,Kapoor,Belgium
Lily,Martin,India
Hamza,Collins,Mexico
Fatima,Latif,Kenya
John,Smith,South Korea
Isabella,Martinez,Singapore
Mateo,Zhang,Germany
Li,Fahmy,Switzerland
Kenji,Mehta,Pakistan
Rania,Ferrari,Brazil
Benjamin,Evans,Nigeria
Evelyn,Nawaz,Japan
Vikram,Qureshi,Malaysia
Chiara,Moore,Australia
Adam,Wang,Denmark
Nora,Mohamed,Austria
Usman,Singh,Turkey
Muhammad,Ricci,South Africa
Hassan,Turner,China
Sophia,Gill,New Zealand
Diego,Raza,Canada
Elena,Anderson,Norway
Hiro,Ramirez,Poland
Layla,Kobayashi,Egypt
Daniel,Patel,Philippines
Harper,Bianchi,Italy
Arjun,Mitchell,Ireland
Giulia,Abbasi,United Kingdom
Louis,Ali,Sweden
Chloe,Davis,Chile
Bilal,Perez,Saudi Arabia
Noor,Sato,Thailand
Omar,Kareem,Spain
Olivia,Nair,Portugal
Carlos,Campbell,United States
Camila,Siddiqui,Netherlands
Jun,Malik,Argentina
Youssef,Taylor,United Arab Emirates
Khalid,Gonzalez,Indonesia
Amelia,Yang,France
Kabir,Saleh,Belgium
Pooja,Joshi,India
Nicolas,Bernard,Mexico
Grace,Stewart,Kenya
Mustafa,Khan,South Korea
Maha,Johnson,Singapore
Aisha,Rodriguez,Germany
Emma,Chen,Switzerland
Lucas,Nasser,Pakistan
Valentina,Verma,Brazil
Chen,Dubois,Nigeria
Sakura,Edwards,Japan
Ibrahim,Javed,Malaysia
Charlotte,Butt,Australia
Rohan,Garcia,Denmark
Isha,Li,Austria
Antonio,Youssef,Turkey
Ella,Gupta,South Africa
Leo,Moretti,China
Kiran,Phillips,New Zealand
Ali,Akhtar,Canada
Mariam,Iqbal,Norway
James,Thomas,Poland
Lucia,Torres,Egypt
Wei,Hassan,Philippines
Akira,Sharma,Italy
Amir,Romano,Ireland
Emily,Roberts,United Kingdom
Mason,Chaudhry,Sweden
Neha,Sheikh,Chile
Marco,Miller,Saudi Arabia
Marie,Sanchez,Thailand
David,Suzuki,Spain
Hina,Othman,Portugal
Aarav,Rossi,United States
Sara,Carter,Netherlands
Noah,Mirza,Argentina
Sofia,Hussain,United Arab Emirates
Miguel,Wilson,Indonesia
Yuna,Hernandez,France
Nour,Tanaka,Belgium
Huda,Farouk,India
Ethan,Chopra,Mexico
Priya,Petit,Kenya
Luca,Ansari,South Korea
Claire,Ahmed,Singapore
Samuel,Brown,Germany
Sana,Lopez,Switzerland
Fahad,Liu,Pakistan
Zara,Mansour,Brazil
Liam,Kapoor,Nigeria
Mia,Martin,Japan
Juan,Collins,Malaysia
Mei,Latif,Australia
Ahmed,Smith,Denmark
Salma,Martinez,Austria
Henry,Zhang,Turkey
Anaya,Fahmy,South Africa
Rahul,Mehta,China
Francesca,Ferrari,New Zealand
Oliver,Evans,Canada
Lily,Nawaz,Norway
Hamza,Qureshi,Poland
Fatima,Moore,Egypt
John,Wang,Philippines
Isabella,Mohamed,Italy
Mateo,Singh,Ireland
Li,Ricci,United Kingdom
Kenji,Turner,Sweden
Rania,Gill,Chile
Benjamin,Raza,Saudi Arabia
Evelyn,Anderson,Thailand
Vikram,Ramirez,Spain
Chiara,Kobayashi,Portugal
Adam,Patel,United States
Nora,Bianchi,Netherlands
Usman,Mitchell,Argentina
Muhammad,Abbasi,United Arab Emirates
Hassan,Ali,Indonesia
Sophia,Davis,France
Diego,Perez,Belgium
Elena,Sato,India
Hiro,Kareem,Mexico
Layla,Nair,Kenya
Daniel,Campbell,South Korea
Harper,Siddiqui,Singapore
Arjun,Malik,Germany
Giulia,Taylor,Switzerland
Louis,Gonzalez,Pakistan
Chloe,Yang,Brazil
Bilal,Saleh,Nigeria
Noor,Joshi,Japan
Omar,Bernard,Malaysia
Olivia,Stewart,Australia
Carlos,Khan,Denmark
Camila,Johnson,Austria
Jun,Rodriguez,Turkey
Youssef,Chen,South Africa
Khalid,Nasser,China
Amelia,Verma,New Zealand
Kabir,Dubois,Canada
Pooja,Edwards,Norway
Nicolas,Javed,Poland
Grace,Butt,Egypt
Mustafa,Garcia,Philippines
Maha,Li,Italy
Aisha,Youssef,Ireland
Emma,Gupta,United Kingdom
Lucas,Moretti,Sweden
Valentina,Phillips,Chile
Chen,Akhtar,Saudi Arabia
Sakura,Iqbal,Thailand
Ibrahim,Thomas,Spain
Charlotte,Torres,Portugal
Rohan,Hassan,United States
Isha,Sharma,Netherlands
Antonio,Romano,Argentina
Ella,Roberts,United Arab Emirates
Leo,Chaudhry,Indonesia
Kiran,Sheikh,France
Ali,Miller,Belgium
Mariam,Sanchez,India
James,Suzuki,Mexico
Lucia,Othman,Kenya
Wei,Rossi,South Korea
Akira,Carter,Singapore
Amir,Mirza,Germany
Emily,Hussain,Switzerland
Mason,Wilson,Pakistan
Neha,Hernandez,Brazil
Marco,Tanaka,Nigeria
Marie,Farouk,Japan
David,Chopra,Malaysia
Hina,Petit,Australia
Aarav,Ansari,Denmark
Sara,Ahmed,Austria
Noah,Brown,Turkey
Sofia,Lopez,South Africa
Miguel,Liu,China
Yuna,Mansour,New Zealand
Nour,Kapoor,Canada
Huda,Martin,Norway
Ethan,Collins,Poland
Priya,Latif,Egypt
Luca,Smith,Philippines
Claire,Martinez,Italy
Samuel,Zhang,Ireland
Sana,Fahmy,United Kingdom
Fahad,Mehta,Sweden
Zara,Ferrari,Chile
Liam,Evans,Saudi Arabia
Mia,Nawaz,Thailand
Juan,Qureshi,Spain
Mei,Moore,Portugal
Ahmed,Wang,United States
Salma,Mohamed,Netherlands
Henry,Singh,Argentina
Anaya,Ricci,United Arab Emirates
Rahul,Turner,Indonesia
Francesca,Gill,France
Oliver,Raza,Belgium
Lily,Anderson,India
Hamza,Ramirez,Mexico
Fatima,Kobayashi,Kenya
John,Patel,South Korea
Isabella,Bianchi,Singapore
Mateo,Mitchell,Germany
Li,Abbasi,Switzerland
Kenji,Ali,Pakistan
Rania,Davis,Brazil
Benjamin,Perez,Nigeria
Evelyn,Sato,Japan
Vikram,Kareem,Malaysia
Chiara,Nair,Australia
Adam,Campbell,Denmark
Nora,Siddiqui,Austria
Usman,Malik,Turkey
Muhammad,Taylor,South Africa
Hassan,Gonzalez,China
Sophia,Yang,New Zealand
Diego,Saleh,Canada
Elena,Joshi,Norway
Hiro,Bernard,Poland
Layla,Stewart,Egypt
Daniel,Khan,Philippines
Harper,Johnson,Italy
Arjun,Rodriguez,Ireland
Giulia,Chen,United Kingdom
Louis,Nasser,Sweden
Chloe,Verma,Chile
Bilal,Dubois,Saudi Arabia
Noor,Edwards,Thailand
Omar,Javed,Spain
Olivia,Butt,Portugal
Carlos,Garcia,United States
Camila,Li,Netherlands
Jun,Youssef,Argentina
Youssef,Gupta,United Arab Emirates
Khalid,Moretti,Indonesia
Amelia,Phillips,France
Kabir,Akhtar,Belgium
Pooja,Iqbal,India
Nicolas,Thomas,Mexico
Grace,Torres,Kenya
Mustafa,Hassan,South Korea
Maha,Sharma,Singapore
Aisha,Romano,Germany
Emma,Roberts,Switzerland
Lucas,Chaudhry,Pakistan
Valentina,Sheikh,Brazil
Chen,Miller,Nigeria
Sakura,Sanchez,Japan
Ibrahim,Suzuki,Malaysia
Charlotte,Othman,Australia
Rohan,Rossi,Denmark
Isha,Carter,Austria
Antonio,Mirza,Turkey
Ella,Hussain,South Africa
Leo,Wilson,China
Kiran,Hernandez,New Zealand
Ali,Tanaka,Canada
Mariam,Farouk,Norway
James,Chopra,Poland
Lucia,Petit,Egypt
Wei,Ansari,Philippines
Akira,Ahmed,Italy
Amir,Brown,Ireland
Emily,Lopez,United Kingdom
Mason,Liu,Sweden
Neha,Mansour,Chile
Marco,Kapoor,Saudi Arabia
Marie,Martin,Thailand
David,Collins,Spain
Hina,Latif,Portugal
Aarav,Smith,United States
Sara,Martinez,Netherlands
Noah,Zhang,Argentina
Sofia,Fahmy,United Arab Emirates
Miguel,Mehta,Indonesia
Yuna,Ferrari,France
Nour,Evans,Belgium
Huda,Nawaz,India
Ethan,Qureshi,Mexico
Priya,Moore,Kenya
Luca,Wang,South Korea
Claire,Mohamed,Singapore
Samuel,Singh,Germany
Sana,Ricci,Switzerland
Fahad,Turner,Pakistan
Zara,Gill,Brazil
Liam,Raza,Nigeria
Mia,Anderson,Japan
Juan,Ramirez,Malaysia
Mei,Kobayashi,Australia
Ahmed,Patel,Denmark
Salma,Bianchi,Austria
Henry,Mitchell,Turkey
Anaya,Abbasi,South Africa
Rahul,Ali,China
Francesca,Davis,New Zealand
Oliver,Perez,Canada
Lily,Sato,Norway
Hamza,Kareem,Poland
Fatima,Nair,Egypt
John,Campbell,Philippines
Isabella,Siddiqui,Italy
Mateo,Malik,Ireland
Li,Taylor,United Kingdom
Kenji,Gonzalez,Sweden
Rania,Yang,Chile
Benjamin,Saleh,Saudi Arabia
Evelyn,Joshi,Thailand
Vikram,Bernard,Spain
Chiara,Stewart,Portugal
Adam,Khan,United States
Nora,Johnson,Netherlands
Usman,Rodriguez,Argentina
Muhammad,Chen,United Arab Emirates
Hassan,Nasser,Indonesia
Sophia,Verma,France
Diego,Dubois,Belgium
Elena,Edwards,India
Hiro,Javed,Mexico
Layla,Butt,Kenya
Daniel,Garcia,South Korea
Harper,Li,Singapore
Arjun,Youssef,Germany
Giulia,Gupta,Switzerland
Louis,Moretti,Pakistan
Chloe,Phillips,Brazil
Bilal,Akhtar,Nigeria
Noor,Iqbal,Japan
Omar,Thomas,Malaysia
Olivia,Torres,Australia
Carlos,Hassan,Denmark
Camila,Sharma,Austria
Jun,Romano,Turkey
Youssef,Roberts,South Africa
Khalid,Chaudhry,China
Amelia,Sheikh,New Zealand
Kabir,Miller,Canada
Pooja,Sanchez,Norway
Nicolas,Suzuki,Poland
Grace,Othman,Egypt
Mustafa,Rossi,Philippines
Maha,Carter,Italy
Aisha,Mirza,Ireland
Emma,Hussain,United Kingdom
Lucas,Wilson,Sweden
Valentina,Hernandez,Chile
Chen,Tanaka,Saudi Arabia
Sakura,Farouk,Thailand
Ibrahim,Chopra,Spain
Charlotte,Petit,Portugal
Rohan,Ansari,United States
Isha,Ahmed,Netherlands
Antonio,Brown,Argentina
Ella,Lopez,United Arab Emirates
Leo,Liu,Indonesia
Kiran,Mansour,France
Ali,Kapoor,Belgium
Mariam,Martin,India
James,Collins,Mexico
Lucia,Latif,Kenya
Wei,Smith,South Korea
Akira,Martinez,Singapore
Amir,Zhang,Germany
Emily,Fahmy,Switzerland
Mason,Mehta,Pakistan
Neha,Ferrari,Brazil
Marco,Evans,Nigeria
Marie,Nawaz,Japan
David,Qureshi,Malaysia
Hina,Moore,Australia
Aarav,Wang,Denmark
Sara,Mohamed,Austria
Noah,Singh,Turkey
Sofia,Ricci,South Africa
Miguel,Turner,China
Yuna,Gill,New Zealand
Nour,Raza,Canada
Huda,Anderson,Norway
Ethan,Ramirez,Poland
Priya,Kobayashi,Egypt
Luca,Patel,Philippines
Claire,Bianchi,Italy
Samuel,Mitchell,Ireland
Sana,Abbasi,United Kingdom
Fahad,Ali,Sweden
Zara,Davis,Chile
Liam,Perez,Saudi Arabia
Mia,Sato,Thailand
Juan,Kareem,Spain
Mei,Nair,Portugal
Ahmed,Campbell,United States
Salma,Siddiqui,Netherlands
Henry,Malik,Argentina
Anaya,Taylor,United Arab Emirates
Rahul,Gonzalez,Indonesia
Francesca,Yang,France
Oliver,Saleh,Belgium
Lily,Joshi,India
Hamza,Bernard,Mexico
Fatima,Stewart,Kenya
John,Khan,South Korea
Isabella,Johnson,Singapore
Mateo,Rodriguez,Germany
Li,Chen,Switzerland
Kenji,Nasser,Pakistan
Rania,Verma,Brazil
Benjamin,Dubois,Nigeria
Evelyn,Edwards,Japan
Vikram,Javed,Malaysia
Chiara,Butt,Australia
Adam,Garcia,Denmark
Nora,Li,Austria
Usman,Youssef,Turkey
Muhammad,Gupta,South Africa
Hassan,Moretti,China
Sophia,Phillips,New Zealand
Diego,Akhtar,Canada
Elena,Iqbal,Norway
Hiro,Thomas,Poland
Layla,Torres,Egypt
Daniel,Hassan,Philippines
Harper,Sharma,Italy
Arjun,Romano,Ireland
Giulia,Roberts,United Kingdom
Louis,Chaudhry,Sweden
Chloe,Sheikh,Chile
Bilal,Miller,Saudi Arabia
Noor,Sanchez,Thailand
Omar,Suzuki,Spain
Olivia,Othman,Portugal
Carlos,Rossi,United States
Camila,Carter,Netherlands
Jun,Mirza,Argentina
Youssef,Hussain,United Arab Emirates
Khalid,Wilson,Indonesia
Amelia,Hernandez,France
Kabir,Tanaka,Belgium
Pooja,Farouk,India
Nicolas,Chopra,Mexico
Grace,Petit,Kenya
Mustafa,Ansari,South Korea
Maha,Ahmed,Singapore
Aisha,Brown,Germany
Emma,Lopez,Switzerland
Lucas,Liu,Pakistan
Valentina,Mansour,Brazil
Chen,Kapoor,Nigeria
Sakura,Martin,Japan
Ibrahim,Collins,Malaysia
Charlotte,Latif,Australia
Rohan,Smith,Denmark
Isha,Martinez,Austria
Antonio,Zhang,Turkey
Ella,Fahmy,South Africa
Leo,Mehta,China
Kiran,Ferrari,New Zealand
Ali,Evans,Canada
Mariam,Nawaz,Norway
James,Qureshi,Poland
Lucia,Moore,Egypt
Wei,Wang,Philippines
Akira,Mohamed,Italy
Amir,Singh,Ireland
Emily,Ricci,United Kingdom
Mason,Turner,Sweden
Neha,Gill,Chile
Marco,Raza,Saudi Arabia
Marie,Anderson,Thailand
David,Ramirez,Spain
Hina,Kobayashi,Portugal
Aarav,Patel,United States
Sara,Bianchi,Netherlands
Noah,Mitchell,Argentina
Sofia,Abbasi,United Arab Emirates
Miguel,Ali,Indonesia
Yuna,Davis,France
Nour,Perez,Belgium
Huda,Sato,India
Ethan,Kareem,Mexico
Priya,Nair,Kenya
Luca,Campbell,South Korea
Claire,Siddiqui,Singapore
Samuel,Malik,Germany
Sana,Taylor,Switzerland
Fahad,Gonzalez,Pakistan
Zara,Yang,Brazil
Liam,Saleh,Nigeria
Mia,Joshi,Japan
Juan,Bernard,Malaysia
Mei,Stewart,Australia
Ahmed,Khan,Denmark
Salma,Johnson,Austria
Henry,Rodriguez,Turkey
Anaya,Chen,South Africa
Rahul,Nasser,China
Francesca,Verma,New Zealand
Oliver,Dubois,Canada
Lily,Edwards,Norway
Hamza,Javed,Poland
Fatima,Butt,Egypt
John,Garcia,Philippines
Isabella,Li,Italy
Mateo,Youssef,Ireland
Li,Gupta,United Kingdom
Kenji,Moretti,Sweden
Rania,Phillips,Chile
Benjamin,Akhtar,Saudi Arabia
Evelyn,Iqbal,Thailand
Vikram,Thomas,Spain
Chiara,Torres,Portugal
Adam,Hassan,United States
Nora,Sharma,Netherlands
Usman,Romano,Argentina
Muhammad,Roberts,United Arab Emirates
Hassan,Chaudhry,Indonesia
Sophia,Sheikh,France
Diego,Miller,Belgium
Elena,Sanchez,India
Hiro,Suzuki,Mexico
Layla,Othman,Kenya
Daniel,Rossi,South Korea
Harper,Carter,Singapore
Arjun,Mirza,Germany
Giulia,Hussain,Switzerland
Louis,Wilson,Pakistan
Chloe,Hernandez,Brazil
Bilal,Tanaka,Nigeria
Noor,Farouk,Japan
Omar,Chopra,Malaysia